seed,is_homogeneous,found_breaking_subgroup,subgroups_checked,runtime_sec,valid_rules_count,total_rules_count,pruned_rules_count,rounds_executed,unique_rules_selected,breaking_rule_index,max_rule_pick_count,sweep,exploration_prob,alpha,eta,epsilon
0,True,0,250,1.5248649580171332,10,10,0,10,1,,10,baseline,0.1,0.5,0.01,520000.0
1,True,0,261,1.5581438750959933,10,10,0,10,2,,9,baseline,0.1,0.5,0.01,520000.0
2,True,0,274,1.6884332920890301,10,10,0,10,3,,8,baseline,0.1,0.5,0.01,520000.0
3,True,0,261,1.5373892500065267,10,10,0,10,2,,9,baseline,0.1,0.5,0.01,520000.0
4,True,0,275,1.5945697500137612,10,10,0,10,3,,8,baseline,0.1,0.5,0.01,520000.0
5,True,0,273,1.573980792076327,10,10,0,10,3,,8,baseline,0.1,0.5,0.01,520000.0
6,True,0,266,1.5552537079202011,10,10,0,10,2,,9,baseline,0.1,0.5,0.01,520000.0
7,True,0,308,1.8235993339912966,10,10,0,10,5,,5,baseline,0.1,0.5,0.01,520000.0
8,True,0,267,1.56094466696959,10,10,0,10,3,,8,baseline,0.1,0.5,0.01,520000.0
9,True,0,259,1.6285894169704989,10,10,0,10,2,,9,baseline,0.1,0.5,0.01,520000.0
10,True,0,250,1.3512546659912914,10,10,0,10,1,,10,baseline,0.1,0.5,0.01,520000.0
11,True,0,250,1.418701249989681,10,10,0,10,1,,10,baseline,0.1,0.5,0.01,520000.0
12,True,0,259,1.657164957956411,10,10,0,10,2,,9,baseline,0.1,0.5,0.01,520000.0
13,True,0,250,1.5102531670127064,10,10,0,10,1,,10,baseline,0.1,0.5,0.01,520000.0
14,True,0,250,1.5868013340514153,10,10,0,10,1,,10,baseline,0.1,0.5,0.01,520000.0
15,True,0,277,1.6037117909872904,10,10,0,10,3,,8,baseline,0.1,0.5,0.01,520000.0
16,True,0,250,1.6166637500282377,10,10,0,10,1,,10,baseline,0.1,0.5,0.01,520000.0
17,True,0,266,1.7463123749475926,10,10,0,10,2,,9,baseline,0.1,0.5,0.01,520000.0
18,True,0,250,1.5285383749287575,10,10,0,10,1,,10,baseline,0.1,0.5,0.01,520000.0
19,True,0,250,1.5622519589960575,10,10,0,10,1,,10,baseline,0.1,0.5,0.01,520000.0
20,True,0,250,1.744075124966912,10,10,0,10,1,,10,baseline,0.1,0.5,0.01,520000.0
21,True,0,250,1.734820417012088,10,10,0,10,1,,10,baseline,0.1,0.5,0.01,520000.0
22,True,0,257,1.6903894579736516,10,10,0,10,2,,9,baseline,0.1,0.5,0.01,520000.0
23,True,0,282,1.6851624170085415,10,10,0,10,2,,8,baseline,0.1,0.5,0.01,520000.0
24,True,0,266,1.6216273750178516,10,10,0,10,2,,9,baseline,0.1,0.5,0.01,520000.0
0,True,0,250,1.7162505419692025,10,10,0,10,1,,10,exploration_prob,0.05,0.5,0.01,520000.0
1,True,0,266,1.6051812910009176,10,10,0,10,2,,9,exploration_prob,0.05,0.5,0.01,520000.0
2,True,0,250,1.621704209013842,10,10,0,10,1,,10,exploration_prob,0.05,0.5,0.01,520000.0
3,True,0,257,1.8194448340218514,10,10,0,10,2,,9,exploration_prob,0.05,0.5,0.01,520000.0
4,True,0,250,1.576604750007391,10,10,0,10,1,,10,exploration_prob,0.05,0.5,0.01,520000.0
5,True,0,257,1.5939917910145596,10,10,0,10,2,,9,exploration_prob,0.05,0.5,0.01,520000.0
6,True,0,266,1.5848992089740932,10,10,0,10,2,,9,exploration_prob,0.05,0.5,0.01,520000.0
7,True,0,266,1.6010387500282377,10,10,0,10,2,,9,exploration_prob,0.05,0.5,0.01,520000.0
8,True,0,250,1.570041291997768,10,10,0,10,1,,10,exploration_prob,0.05,0.5,0.01,520000.0
9,True,0,259,1.629472209024243,10,10,0,10,2,,9,exploration_prob,0.05,0.5,0.01,520000.0
10,True,0,250,1.5735637500183657,10,10,0,10,1,,10,exploration_prob,0.05,0.5,0.01,520000.0
11,True,0,250,1.5376045829616487,10,10,0,10,1,,10,exploration_prob,0.05,0.5,0.01,520000.0
12,True,0,259,1.8143303750548512,10,10,0,10,2,,9,exploration_prob,0.05,0.5,0.01,520000.0
13,True,0,250,1.6350371250882745,10,10,0,10,1,,10,exploration_prob,0.05,0.5,0.01,520000.0
14,True,0,250,1.7154125410597771,10,10,0,10,1,,10,exploration_prob,0.05,0.5,0.01,520000.0
15,True,0,277,1.6919022920774296,10,10,0,10,3,,8,exploration_prob,0.05,0.5,0.01,520000.0
16,True,0,250,1.610410957946442,10,10,0,10,1,,10,exploration_prob,0.05,0.5,0.01,520000.0
17,True,0,266,1.659198792069219,10,10,0,10,2,,9,exploration_prob,0.05,0.5,0.01,520000.0
18,True,0,250,1.8330622499343008,10,10,0,10,1,,10,exploration_prob,0.05,0.5,0.01,520000.0
19,True,0,250,1.8804882080294192,10,10,0,10,1,,10,exploration_prob,0.05,0.5,0.01,520000.0
20,True,0,250,1.678376583964564,10,10,0,10,1,,10,exploration_prob,0.05,0.5,0.01,520000.0
21,True,0,250,1.6591279169078916,10,10,0,10,1,,10,exploration_prob,0.05,0.5,0.01,520000.0
22,True,0,257,1.843339042039588,10,10,0,10,2,,9,exploration_prob,0.05,0.5,0.01,520000.0
23,True,0,250,1.7230462500592694,10,10,0,10,1,,10,exploration_prob,0.05,0.5,0.01,520000.0
24,True,0,250,1.6438030420104042,10,10,0,10,1,,10,exploration_prob,0.05,0.5,0.01,520000.0
0,True,0,250,1.6221275000134483,10,10,0,10,1,,10,exploration_prob,0.1,0.5,0.01,520000.0
1,True,0,261,1.706566208973527,10,10,0,10,2,,9,exploration_prob,0.1,0.5,0.01,520000.0
2,True,0,274,1.6372164998902008,10,10,0,10,3,,8,exploration_prob,0.1,0.5,0.01,520000.0
3,True,0,261,1.645666958997026,10,10,0,10,2,,9,exploration_prob,0.1,0.5,0.01,520000.0
4,True,0,275,1.6839055420132354,10,10,0,10,3,,8,exploration_prob,0.1,0.5,0.01,520000.0
5,True,0,273,3.3014419169630855,10,10,0,10,3,,8,exploration_prob,0.1,0.5,0.01,520000.0
6,True,0,266,3.2519135830225423,10,10,0,10,2,,9,exploration_prob,0.1,0.5,0.01,520000.0
7,True,0,308,3.09848258306738,10,10,0,10,5,,5,exploration_prob,0.1,0.5,0.01,520000.0
8,True,0,267,3.1579322499455884,10,10,0,10,3,,8,exploration_prob,0.1,0.5,0.01,520000.0
9,True,0,259,3.051577707985416,10,10,0,10,2,,9,exploration_prob,0.1,0.5,0.01,520000.0
10,True,0,250,2.769585166941397,10,10,0,10,1,,10,exploration_prob,0.1,0.5,0.01,520000.0
11,True,0,250,2.83767037501093,10,10,0,10,1,,10,exploration_prob,0.1,0.5,0.01,520000.0
12,True,0,259,2.8423983339453116,10,10,0,10,2,,9,exploration_prob,0.1,0.5,0.01,520000.0
13,True,0,250,2.811091832933016,10,10,0,10,1,,10,exploration_prob,0.1,0.5,0.01,520000.0
14,True,0,250,3.050807666964829,10,10,0,10,1,,10,exploration_prob,0.1,0.5,0.01,520000.0
15,True,0,277,3.1317146660294384,10,10,0,10,3,,8,exploration_prob,0.1,0.5,0.01,520000.0
16,True,0,250,2.7949158750707284,10,10,0,10,1,,10,exploration_prob,0.1,0.5,0.01,520000.0
17,True,0,266,2.7905035000294447,10,10,0,10,2,,9,exploration_prob,0.1,0.5,0.01,520000.0
18,True,0,250,2.7295677909860387,10,10,0,10,1,,10,exploration_prob,0.1,0.5,0.01,520000.0
19,True,0,250,3.2501986669376493,10,10,0,10,1,,10,exploration_prob,0.1,0.5,0.01,520000.0
20,True,0,250,2.9900252919178456,10,10,0,10,1,,10,exploration_prob,0.1,0.5,0.01,520000.0
21,True,0,250,2.9179032089887187,10,10,0,10,1,,10,exploration_prob,0.1,0.5,0.01,520000.0
22,True,0,257,2.8052600419614464,10,10,0,10,2,,9,exploration_prob,0.1,0.5,0.01,520000.0
23,True,0,282,2.9313586249481887,10,10,0,10,2,,8,exploration_prob,0.1,0.5,0.01,520000.0
24,True,0,266,2.93689870799426,10,10,0,10,2,,9,exploration_prob,0.1,0.5,0.01,520000.0
0,True,0,250,2.841898791026324,10,10,0,10,1,,10,exploration_prob,0.2,0.5,0.01,520000.0
1,True,0,269,2.9403212500037625,10,10,0,10,3,,8,exploration_prob,0.2,0.5,0.01,520000.0
2,True,0,274,2.8923452920280397,10,10,0,10,3,,8,exploration_prob,0.2,0.5,0.01,520000.0
3,True,0,268,2.858375957934186,10,10,0,10,3,,8,exploration_prob,0.2,0.5,0.01,520000.0
4,True,0,277,2.7434605000307783,10,10,0,10,3,,8,exploration_prob,0.2,0.5,0.01,520000.0
5,True,0,273,3.0106681659817696,10,10,0,10,3,,8,exploration_prob,0.2,0.5,0.01,520000.0
6,True,0,266,2.573095291038044,10,10,0,10,2,,9,exploration_prob,0.2,0.5,0.01,520000.0
7,True,0,335,3.0236534170107916,10,10,0,10,6,,3,exploration_prob,0.2,0.5,0.01,520000.0
8,True,0,278,2.685363958007656,10,10,0,10,4,,7,exploration_prob,0.2,0.5,0.01,520000.0
9,True,0,261,2.697427915991284,10,10,0,10,2,,9,exploration_prob,0.2,0.5,0.01,520000.0
10,True,0,268,2.8708884170046076,10,10,0,10,3,,8,exploration_prob,0.2,0.5,0.01,520000.0
11,True,0,266,2.9746799169806764,10,10,0,10,3,,8,exploration_prob,0.2,0.5,0.01,520000.0
12,True,0,261,2.7592191660078242,10,10,0,10,2,,9,exploration_prob,0.2,0.5,0.01,520000.0
13,True,0,268,2.826116375043057,10,10,0,10,3,,8,exploration_prob,0.2,0.5,0.01,520000.0
14,True,0,259,3.0384897909825668,10,10,0,10,2,,9,exploration_prob,0.2,0.5,0.01,520000.0
15,True,0,287,3.0494873749557883,10,10,0,10,4,,7,exploration_prob,0.2,0.5,0.01,520000.0
16,True,0,250,3.0430543329566717,10,10,0,10,1,,10,exploration_prob,0.2,0.5,0.01,520000.0
17,True,0,261,2.7460690420120955,10,10,0,10,2,,9,exploration_prob,0.2,0.5,0.01,520000.0
18,True,0,264,2.7314137920038775,10,10,0,10,2,,8,exploration_prob,0.2,0.5,0.01,520000.0
19,True,0,266,2.635126999928616,10,10,0,10,2,,9,exploration_prob,0.2,0.5,0.01,520000.0
20,True,0,266,2.8403348330175504,10,10,0,10,2,,9,exploration_prob,0.2,0.5,0.01,520000.0
21,True,0,275,2.751697832951322,10,10,0,10,3,,8,exploration_prob,0.2,0.5,0.01,520000.0
22,True,0,261,2.8422888750210404,10,10,0,10,2,,9,exploration_prob,0.2,0.5,0.01,520000.0
23,True,0,282,2.8184052919968963,10,10,0,10,2,,8,exploration_prob,0.2,0.5,0.01,520000.0
24,True,0,281,2.6832830409985036,10,10,0,10,4,,7,exploration_prob,0.2,0.5,0.01,520000.0
0,True,0,259,2.7019827920012176,10,10,0,10,2,,9,exploration_prob,0.3,0.5,0.01,520000.0
1,True,0,295,3.0406735830474645,10,10,0,10,4,,5,exploration_prob,0.3,0.5,0.01,520000.0
2,True,0,284,2.816288915928453,10,10,0,10,4,,7,exploration_prob,0.3,0.5,0.01,520000.0
3,True,0,282,2.885464792023413,10,10,0,10,4,,7,exploration_prob,0.3,0.5,0.01,520000.0
4,True,0,278,2.9586500839795917,10,10,0,10,4,,7,exploration_prob,0.3,0.5,0.01,520000.0
5,True,0,268,2.751152166048996,10,10,0,10,3,,8,exploration_prob,0.3,0.5,0.01,520000.0
6,True,0,287,3.0431012079352513,10,10,0,10,4,,7,exploration_prob,0.3,0.5,0.01,520000.0
7,True,0,327,3.486644000047818,10,10,0,10,5,,3,exploration_prob,0.3,0.5,0.01,520000.0
8,True,0,310,2.8220644160173833,10,10,0,10,5,,5,exploration_prob,0.3,0.5,0.01,520000.0
9,True,0,261,2.9132853749906644,10,10,0,10,2,,9,exploration_prob,0.3,0.5,0.01,520000.0
10,True,0,291,3.0415514999767765,10,10,0,10,5,,6,exploration_prob,0.3,0.5,0.01,520000.0
11,True,0,266,2.584328082972206,10,10,0,10,3,,8,exploration_prob,0.3,0.5,0.01,520000.0
12,True,0,272,2.7105283330893144,10,10,0,10,2,,8,exploration_prob,0.3,0.5,0.01,520000.0
13,True,0,290,2.6573104589479044,10,10,0,10,3,,7,exploration_prob,0.3,0.5,0.01,520000.0
14,True,0,277,3.0470501669915393,10,10,0,10,4,,7,exploration_prob,0.3,0.5,0.01,520000.0
15,True,0,296,2.7221356249647215,10,10,0,10,5,,6,exploration_prob,0.3,0.5,0.01,520000.0
16,True,0,260,2.6274985830532387,10,10,0,10,2,,9,exploration_prob,0.3,0.5,0.01,520000.0
17,True,0,295,2.8522273750277236,10,10,0,10,4,,6,exploration_prob,0.3,0.5,0.01,520000.0
18,True,0,273,2.7262635830556974,10,10,0,10,3,,7,exploration_prob,0.3,0.5,0.01,520000.0
19,True,0,282,2.5375636669341475,10,10,0,10,3,,8,exploration_prob,0.3,0.5,0.01,520000.0
20,True,0,290,2.6267017499776557,10,10,0,10,4,,7,exploration_prob,0.3,0.5,0.01,520000.0
21,True,0,300,2.781406917027198,10,10,0,10,5,,6,exploration_prob,0.3,0.5,0.01,520000.0
22,True,0,261,2.908400750020519,10,10,0,10,2,,9,exploration_prob,0.3,0.5,0.01,520000.0
23,True,0,284,3.058547208085656,10,10,0,10,4,,7,exploration_prob,0.3,0.5,0.01,520000.0
24,True,0,285,2.941937791998498,10,10,0,10,4,,7,exploration_prob,0.3,0.5,0.01,520000.0
0,True,0,360,3.5364482919685543,10,10,0,10,1,,10,alpha,0.1,0.25,0.01,520000.0
1,True,0,360,3.538467917009257,10,10,0,10,1,,10,alpha,0.1,0.25,0.01,520000.0
2,True,0,362,3.639087999938056,10,10,0,10,3,,8,alpha,0.1,0.25,0.01,520000.0
3,True,0,360,3.575250208028592,10,10,0,10,1,,10,alpha,0.1,0.25,0.01,520000.0
4,True,0,363,3.544870249927044,10,10,0,10,3,,8,alpha,0.1,0.25,0.01,520000.0
5,True,0,361,3.6169629159849137,10,10,0,10,3,,8,alpha,0.1,0.25,0.01,520000.0
6,True,0,365,3.373570541967638,10,10,0,10,2,,9,alpha,0.1,0.25,0.01,520000.0
7,True,0,363,3.3071048330748454,10,10,0,10,5,,5,alpha,0.1,0.25,0.01,520000.0
8,True,0,355,3.4787092079641297,10,10,0,10,3,,8,alpha,0.1,0.25,0.01,520000.0
9,True,0,358,3.5555958329932764,10,10,0,10,2,,9,alpha,0.1,0.25,0.01,520000.0
10,True,0,360,3.7329989159479737,10,10,0,10,1,,10,alpha,0.1,0.25,0.01,520000.0
11,True,0,360,3.545577749959193,10,10,0,10,1,,10,alpha,0.1,0.25,0.01,520000.0
12,True,0,358,3.7038639170350507,10,10,0,10,2,,9,alpha,0.1,0.25,0.01,520000.0
13,True,0,360,3.574856291990727,10,10,0,10,1,,10,alpha,0.1,0.25,0.01,520000.0
14,True,0,360,3.6559115829877555,10,10,0,10,1,,10,alpha,0.1,0.25,0.01,520000.0
15,True,0,365,3.525255999993533,10,10,0,10,2,,9,alpha,0.1,0.25,0.01,520000.0
16,True,0,349,3.35656345798634,10,10,0,10,2,,9,alpha,0.1,0.25,0.01,520000.0
17,True,0,365,3.3215897500049323,10,10,0,10,2,,9,alpha,0.1,0.25,0.01,520000.0
18,True,0,360,3.496124666999094,10,10,0,10,1,,10,alpha,0.1,0.25,0.01,520000.0
19,True,0,360,3.4865858339471743,10,10,0,10,1,,10,alpha,0.1,0.25,0.01,520000.0
20,True,0,360,3.4032125839730725,10,10,0,10,1,,10,alpha,0.1,0.25,0.01,520000.0
21,True,0,360,3.3105864169774577,10,10,0,10,1,,10,alpha,0.1,0.25,0.01,520000.0
22,True,0,356,3.4183472089935094,10,10,0,10,2,,9,alpha,0.1,0.25,0.01,520000.0
23,True,0,370,4.360662833903916,10,10,0,10,2,,8,alpha,0.1,0.25,0.01,520000.0
24,True,0,365,4.07733266602736,10,10,0,10,2,,9,alpha,0.1,0.25,0.01,520000.0
0,True,0,250,2.925863833981566,10,10,0,10,1,,10,alpha,0.1,0.5,0.01,520000.0
1,True,0,261,2.9792967919493094,10,10,0,10,2,,9,alpha,0.1,0.5,0.01,520000.0
2,True,0,274,3.215847667073831,10,10,0,10,3,,8,alpha,0.1,0.5,0.01,520000.0
3,True,0,261,3.9147267499938607,10,10,0,10,2,,9,alpha,0.1,0.5,0.01,520000.0
4,True,0,275,3.126969916978851,10,10,0,10,3,,8,alpha,0.1,0.5,0.01,520000.0
5,True,0,273,3.048558000009507,10,10,0,10,3,,8,alpha,0.1,0.5,0.01,520000.0
6,True,0,266,3.3640030410606414,10,10,0,10,2,,9,alpha,0.1,0.5,0.01,520000.0
7,True,0,308,4.208509166026488,10,10,0,10,5,,5,alpha,0.1,0.5,0.01,520000.0
8,True,0,267,5.289991749916226,10,10,0,10,3,,8,alpha,0.1,0.5,0.01,520000.0
9,True,0,259,4.301568250055425,10,10,0,10,2,,9,alpha,0.1,0.5,0.01,520000.0
10,True,0,250,4.380141084082425,10,10,0,10,1,,10,alpha,0.1,0.5,0.01,520000.0
11,True,0,250,4.10024529194925,10,10,0,10,1,,10,alpha,0.1,0.5,0.01,520000.0
12,True,0,259,4.615545750013553,10,10,0,10,2,,9,alpha,0.1,0.5,0.01,520000.0
13,True,0,250,4.210519875050522,10,10,0,10,1,,10,alpha,0.1,0.5,0.01,520000.0
14,True,0,250,3.7826305410126224,10,10,0,10,1,,10,alpha,0.1,0.5,0.01,520000.0
15,True,0,277,3.7814950000029057,10,10,0,10,3,,8,alpha,0.1,0.5,0.01,520000.0
16,True,0,250,3.9420489999465644,10,10,0,10,1,,10,alpha,0.1,0.5,0.01,520000.0
17,True,0,266,3.694887417019345,10,10,0,10,2,,9,alpha,0.1,0.5,0.01,520000.0
18,True,0,250,3.7248739999486133,10,10,0,10,1,,10,alpha,0.1,0.5,0.01,520000.0
19,True,0,250,3.324066707980819,10,10,0,10,1,,10,alpha,0.1,0.5,0.01,520000.0
20,True,0,250,3.122249708045274,10,10,0,10,1,,10,alpha,0.1,0.5,0.01,520000.0
21,True,0,250,3.4838507500244305,10,10,0,10,1,,10,alpha,0.1,0.5,0.01,520000.0
22,True,0,257,3.4492623331025243,10,10,0,10,2,,9,alpha,0.1,0.5,0.01,520000.0
23,True,0,282,3.5804576670052484,10,10,0,10,2,,8,alpha,0.1,0.5,0.01,520000.0
24,True,0,266,3.644549750024453,10,10,0,10,2,,9,alpha,0.1,0.5,0.01,520000.0
0,True,0,250,3.5476456669857726,10,10,0,10,1,,10,alpha,0.1,0.75,0.01,520000.0
1,True,0,261,3.3853723340434954,10,10,0,10,2,,9,alpha,0.1,0.75,0.01,520000.0
2,True,0,274,3.6232799580320716,10,10,0,10,3,,8,alpha,0.1,0.75,0.01,520000.0
3,True,0,261,3.3607676250394434,10,10,0,10,2,,9,alpha,0.1,0.75,0.01,520000.0
4,True,0,275,3.154782290919684,10,10,0,10,3,,8,alpha,0.1,0.75,0.01,520000.0
5,True,0,273,2.9984504589810967,10,10,0,10,3,,8,alpha,0.1,0.75,0.01,520000.0
6,True,0,266,3.0485693749506027,10,10,0,10,2,,9,alpha,0.1,0.75,0.01,520000.0
7,True,0,308,3.424168459023349,10,10,0,10,5,,5,alpha,0.1,0.75,0.01,520000.0
8,True,0,267,3.1662599589908496,10,10,0,10,3,,8,alpha,0.1,0.75,0.01,520000.0
9,True,0,259,3.2694507921114564,10,10,0,10,2,,9,alpha,0.1,0.75,0.01,520000.0
10,True,0,250,3.1023052079835907,10,10,0,10,1,,10,alpha,0.1,0.75,0.01,520000.0
11,True,0,250,3.101742042112164,10,10,0,10,1,,10,alpha,0.1,0.75,0.01,520000.0
12,True,0,259,3.1383184579899535,10,10,0,10,2,,9,alpha,0.1,0.75,0.01,520000.0
13,True,0,250,3.39080766600091,10,10,0,10,1,,10,alpha,0.1,0.75,0.01,520000.0
14,True,0,250,3.183914166991599,10,10,0,10,1,,10,alpha,0.1,0.75,0.01,520000.0
15,True,0,277,3.580395874916576,10,10,0,10,3,,8,alpha,0.1,0.75,0.01,520000.0
16,True,0,250,3.7619964169571176,10,10,0,10,1,,10,alpha,0.1,0.75,0.01,520000.0
17,True,0,266,3.528356749913655,10,10,0,10,2,,9,alpha,0.1,0.75,0.01,520000.0
18,True,0,250,3.9773001670837402,10,10,0,10,1,,10,alpha,0.1,0.75,0.01,520000.0
19,True,0,250,3.3370151669951156,10,10,0,10,1,,10,alpha,0.1,0.75,0.01,520000.0
20,True,0,250,3.2310057500144467,10,10,0,10,1,,10,alpha,0.1,0.75,0.01,520000.0
21,True,0,250,3.510255333967507,10,10,0,10,1,,10,alpha,0.1,0.75,0.01,520000.0
22,True,0,257,2.955095416982658,10,10,0,10,2,,9,alpha,0.1,0.75,0.01,520000.0
23,True,0,282,3.481640624930151,10,10,0,10,2,,8,alpha,0.1,0.75,0.01,520000.0
24,True,0,266,3.40835441602394,10,10,0,10,2,,9,alpha,0.1,0.75,0.01,520000.0
0,True,0,250,2.961283083073795,10,10,0,10,1,,10,eta,0.1,0.5,0.001,520000.0
1,True,0,261,3.0203427500091493,10,10,0,10,2,,9,eta,0.1,0.5,0.001,520000.0
2,True,0,274,2.8849654169753194,10,10,0,10,3,,8,eta,0.1,0.5,0.001,520000.0
3,True,0,261,2.9408319579670206,10,10,0,10,2,,9,eta,0.1,0.5,0.001,520000.0
4,True,0,275,2.8603380830027163,10,10,0,10,3,,8,eta,0.1,0.5,0.001,520000.0
5,True,0,273,2.978768707951531,10,10,0,10,3,,8,eta,0.1,0.5,0.001,520000.0
6,True,0,266,3.0028259169775993,10,10,0,10,2,,9,eta,0.1,0.5,0.001,520000.0
7,True,0,308,3.170075166039169,10,10,0,10,5,,5,eta,0.1,0.5,0.001,520000.0
8,True,0,267,2.824122541001998,10,10,0,10,3,,8,eta,0.1,0.5,0.001,520000.0
9,True,0,259,3.09234891703818,10,10,0,10,2,,9,eta,0.1,0.5,0.001,520000.0
10,True,0,250,2.9713472090661526,10,10,0,10,1,,10,eta,0.1,0.5,0.001,520000.0
11,True,0,250,2.8983324581058696,10,10,0,10,1,,10,eta,0.1,0.5,0.001,520000.0
12,True,0,259,3.843937375000678,10,10,0,10,2,,9,eta,0.1,0.5,0.001,520000.0
13,True,0,250,3.7817849590210244,10,10,0,10,1,,10,eta,0.1,0.5,0.001,520000.0
14,True,0,250,3.1403764160349965,10,10,0,10,1,,10,eta,0.1,0.5,0.001,520000.0
15,True,0,277,3.799582957988605,10,10,0,10,3,,8,eta,0.1,0.5,0.001,520000.0
16,True,0,250,3.7011509159347042,10,10,0,10,1,,10,eta,0.1,0.5,0.001,520000.0
17,True,0,266,4.279680375009775,10,10,0,10,2,,9,eta,0.1,0.5,0.001,520000.0
18,True,0,250,4.105846457998268,10,10,0,10,1,,10,eta,0.1,0.5,0.001,520000.0
19,True,0,250,3.5511263329535723,10,10,0,10,1,,10,eta,0.1,0.5,0.001,520000.0
20,True,0,250,2.8788940409431234,10,10,0,10,1,,10,eta,0.1,0.5,0.001,520000.0
21,True,0,250,2.901856332900934,10,10,0,10,1,,10,eta,0.1,0.5,0.001,520000.0
22,True,0,257,3.0123633339535445,10,10,0,10,2,,9,eta,0.1,0.5,0.001,520000.0
23,True,0,282,3.7553436249727383,10,10,0,10,2,,8,eta,0.1,0.5,0.001,520000.0
24,True,0,266,3.467333124950528,10,10,0,10,2,,9,eta,0.1,0.5,0.001,520000.0
0,True,0,250,3.801980207907036,10,10,0,10,1,,10,eta,0.1,0.5,0.01,520000.0
1,True,0,261,3.428223292110488,10,10,0,10,2,,9,eta,0.1,0.5,0.01,520000.0
2,True,0,274,3.332352666067891,10,10,0,10,3,,8,eta,0.1,0.5,0.01,520000.0
3,True,0,261,3.2871978749753907,10,10,0,10,2,,9,eta,0.1,0.5,0.01,520000.0
4,True,0,275,3.384929042076692,10,10,0,10,3,,8,eta,0.1,0.5,0.01,520000.0
5,True,0,273,3.5631881669396535,10,10,0,10,3,,8,eta,0.1,0.5,0.01,520000.0
6,True,0,266,3.131755333044566,10,10,0,10,2,,9,eta,0.1,0.5,0.01,520000.0
7,True,0,308,3.369753208011389,10,10,0,10,5,,5,eta,0.1,0.5,0.01,520000.0
8,True,0,267,3.041368457954377,10,10,0,10,3,,8,eta,0.1,0.5,0.01,520000.0
9,True,0,259,3.109960750094615,10,10,0,10,2,,9,eta,0.1,0.5,0.01,520000.0
10,True,0,250,3.0303810000186786,10,10,0,10,1,,10,eta,0.1,0.5,0.01,520000.0
11,True,0,250,3.1251700420398265,10,10,0,10,1,,10,eta,0.1,0.5,0.01,520000.0
12,True,0,259,2.893470917013474,10,10,0,10,2,,9,eta,0.1,0.5,0.01,520000.0
13,True,0,250,3.084817082970403,10,10,0,10,1,,10,eta,0.1,0.5,0.01,520000.0
14,True,0,250,3.299099959083833,10,10,0,10,1,,10,eta,0.1,0.5,0.01,520000.0
15,True,0,277,3.393308375030756,10,10,0,10,3,,8,eta,0.1,0.5,0.01,520000.0
16,True,0,250,3.219033500063233,10,10,0,10,1,,10,eta,0.1,0.5,0.01,520000.0
17,True,0,266,2.9728197500808164,10,10,0,10,2,,9,eta,0.1,0.5,0.01,520000.0
18,True,0,250,3.035227791988291,10,10,0,10,1,,10,eta,0.1,0.5,0.01,520000.0
19,True,0,250,2.9934540420072153,10,10,0,10,1,,10,eta,0.1,0.5,0.01,520000.0
20,True,0,250,2.912886624922976,10,10,0,10,1,,10,eta,0.1,0.5,0.01,520000.0
21,True,0,250,2.833621709025465,10,10,0,10,1,,10,eta,0.1,0.5,0.01,520000.0
22,True,0,257,2.812225874979049,10,10,0,10,2,,9,eta,0.1,0.5,0.01,520000.0
23,True,0,282,3.0337964579230174,10,10,0,10,2,,8,eta,0.1,0.5,0.01,520000.0
24,True,0,266,2.935975082917139,10,10,0,10,2,,9,eta,0.1,0.5,0.01,520000.0
0,True,0,250,3.011706457938999,10,10,0,10,1,,10,eta,0.1,0.5,0.1,520000.0
1,True,0,261,3.0011767499381676,10,10,0,10,2,,9,eta,0.1,0.5,0.1,520000.0
2,True,0,274,2.7958517499500886,10,10,0,10,3,,8,eta,0.1,0.5,0.1,520000.0
3,True,0,261,3.005310207954608,10,10,0,10,2,,9,eta,0.1,0.5,0.1,520000.0
4,True,0,275,3.081899292068556,10,10,0,10,3,,8,eta,0.1,0.5,0.1,520000.0
5,True,0,273,2.8531244999030605,10,10,0,10,3,,8,eta,0.1,0.5,0.1,520000.0
6,True,0,266,3.151412958977744,10,10,0,10,2,,9,eta,0.1,0.5,0.1,520000.0
7,True,0,308,3.094920541974716,10,10,0,10,5,,5,eta,0.1,0.5,0.1,520000.0
8,True,0,267,2.879430166911334,10,10,0,10,3,,8,eta,0.1,0.5,0.1,520000.0
9,True,0,259,2.991162542020902,10,10,0,10,2,,9,eta,0.1,0.5,0.1,520000.0
10,True,0,250,2.9216953329741955,10,10,0,10,1,,10,eta,0.1,0.5,0.1,520000.0
11,True,0,250,3.1689701250288635,10,10,0,10,1,,10,eta,0.1,0.5,0.1,520000.0
12,True,0,259,2.957419457961805,10,10,0,10,2,,9,eta,0.1,0.5,0.1,520000.0
13,True,0,250,3.001492999959737,10,10,0,10,1,,10,eta,0.1,0.5,0.1,520000.0
14,True,0,250,3.1562523749889806,10,10,0,10,1,,10,eta,0.1,0.5,0.1,520000.0
15,True,0,277,3.3878465419402346,10,10,0,10,3,,8,eta,0.1,0.5,0.1,520000.0
16,True,0,250,2.9331431249156594,10,10,0,10,1,,10,eta,0.1,0.5,0.1,520000.0
17,True,0,266,2.9740882080513984,10,10,0,10,2,,9,eta,0.1,0.5,0.1,520000.0
18,True,0,250,3.0905457090120763,10,10,0,10,1,,10,eta,0.1,0.5,0.1,520000.0
19,True,0,250,3.150994583964348,10,10,0,10,1,,10,eta,0.1,0.5,0.1,520000.0
20,True,0,250,3.1654471668880433,10,10,0,10,1,,10,eta,0.1,0.5,0.1,520000.0
21,True,0,250,3.055236459011212,10,10,0,10,1,,10,eta,0.1,0.5,0.1,520000.0
22,True,0,257,3.4442127499496564,10,10,0,10,2,,9,eta,0.1,0.5,0.1,520000.0
23,True,0,282,3.624214750016108,10,10,0,10,2,,8,eta,0.1,0.5,0.1,520000.0
24,True,0,266,2.9658040839713067,10,10,0,10,2,,9,eta,0.1,0.5,0.1,520000.0
0,True,0,250,3.5389729579910636,10,10,0,10,1,,10,eta,0.1,0.5,1.0,520000.0
1,True,0,261,3.354610542068258,10,10,0,10,2,,9,eta,0.1,0.5,1.0,520000.0
2,True,0,274,3.272460374981165,10,10,0,10,3,,8,eta,0.1,0.5,1.0,520000.0
3,True,0,261,3.1872872919775546,10,10,0,10,2,,9,eta,0.1,0.5,1.0,520000.0
4,True,0,275,3.3455876250518486,10,10,0,10,3,,8,eta,0.1,0.5,1.0,520000.0
5,True,0,273,3.4778531660558656,10,10,0,10,3,,8,eta,0.1,0.5,1.0,520000.0
6,True,0,266,3.8497946250718087,10,10,0,10,2,,9,eta,0.1,0.5,1.0,520000.0
7,True,0,308,4.133322499925271,10,10,0,10,5,,5,eta,0.1,0.5,1.0,520000.0
8,True,0,267,4.301913082948886,10,10,0,10,3,,8,eta,0.1,0.5,1.0,520000.0
9,True,0,259,4.521124750026502,10,10,0,10,2,,9,eta,0.1,0.5,1.0,520000.0
10,True,0,250,3.6011478749569505,10,10,0,10,1,,10,eta,0.1,0.5,1.0,520000.0
11,True,0,250,2.891241458011791,10,10,0,10,1,,10,eta,0.1,0.5,1.0,520000.0
12,True,0,259,3.083076374954544,10,10,0,10,2,,9,eta,0.1,0.5,1.0,520000.0
13,True,0,250,3.1342722499975935,10,10,0,10,1,,10,eta,0.1,0.5,1.0,520000.0
14,True,0,250,3.4061537500238046,10,10,0,10,1,,10,eta,0.1,0.5,1.0,520000.0
15,True,0,277,3.3980280000250787,10,10,0,10,3,,8,eta,0.1,0.5,1.0,520000.0
16,True,0,250,3.183975291904062,10,10,0,10,1,,10,eta,0.1,0.5,1.0,520000.0
17,True,0,266,3.466351749957539,10,10,0,10,2,,9,eta,0.1,0.5,1.0,520000.0
18,True,0,250,3.0096172919729725,10,10,0,10,1,,10,eta,0.1,0.5,1.0,520000.0
19,True,0,250,3.2286382500315085,10,10,0,10,1,,10,eta,0.1,0.5,1.0,520000.0
20,True,0,250,2.9492180830566213,10,10,0,10,1,,10,eta,0.1,0.5,1.0,520000.0
21,True,0,250,2.873115500085987,10,10,0,10,1,,10,eta,0.1,0.5,1.0,520000.0
22,True,0,257,3.8292587500764057,10,10,0,10,2,,9,eta,0.1,0.5,1.0,520000.0
23,True,0,282,3.5193300420651212,10,10,0,10,2,,8,eta,0.1,0.5,1.0,520000.0
24,True,0,266,4.487286709016189,10,10,0,10,2,,9,eta,0.1,0.5,1.0,520000.0
0,True,0,250,3.4693994160043076,10,10,0,10,1,,10,epsilon,0.1,0.5,0.01,260000.0
1,True,0,261,3.013103042030707,10,10,0,10,2,,9,epsilon,0.1,0.5,0.01,260000.0
2,True,0,274,2.896950082969852,10,10,0,10,3,,8,epsilon,0.1,0.5,0.01,260000.0
3,True,0,261,3.444790125009604,10,10,0,10,2,,9,epsilon,0.1,0.5,0.01,260000.0
4,True,0,275,3.6722173750167713,10,10,0,10,3,,8,epsilon,0.1,0.5,0.01,260000.0
5,True,0,273,3.641545749967918,10,10,0,10,3,,8,epsilon,0.1,0.5,0.01,260000.0
6,True,0,266,3.846696750028059,10,10,0,10,2,,9,epsilon,0.1,0.5,0.01,260000.0
7,True,0,308,4.216405458981171,10,10,0,10,5,,5,epsilon,0.1,0.5,0.01,260000.0
8,True,0,267,3.7617838750593364,10,10,0,10,3,,8,epsilon,0.1,0.5,0.01,260000.0
9,True,0,259,3.1750072500435635,10,10,0,10,2,,9,epsilon,0.1,0.5,0.01,260000.0
10,True,0,250,2.970451583969407,10,10,0,10,1,,10,epsilon,0.1,0.5,0.01,260000.0
11,True,0,250,3.0688124580774456,10,10,0,10,1,,10,epsilon,0.1,0.5,0.01,260000.0
12,True,0,259,2.9150877500651404,10,10,0,10,2,,9,epsilon,0.1,0.5,0.01,260000.0
13,True,0,250,3.2170753750251606,10,10,0,10,1,,10,epsilon,0.1,0.5,0.01,260000.0
14,True,0,250,3.0018428340554237,10,10,0,10,1,,10,epsilon,0.1,0.5,0.01,260000.0
15,True,0,277,3.0741649579722434,10,10,0,10,3,,8,epsilon,0.1,0.5,0.01,260000.0
16,True,0,250,3.0126527089159936,10,10,0,10,1,,10,epsilon,0.1,0.5,0.01,260000.0
17,True,0,266,3.0748640830861405,10,10,0,10,2,,9,epsilon,0.1,0.5,0.01,260000.0
18,True,0,250,3.1123390410793945,10,10,0,10,1,,10,epsilon,0.1,0.5,0.01,260000.0
19,True,0,250,3.3390262910397723,10,10,0,10,1,,10,epsilon,0.1,0.5,0.01,260000.0
20,True,0,250,2.8382169590331614,10,10,0,10,1,,10,epsilon,0.1,0.5,0.01,260000.0
21,True,0,250,3.013478416018188,10,10,0,10,1,,10,epsilon,0.1,0.5,0.01,260000.0
22,True,0,257,2.9530050840694457,10,10,0,10,2,,9,epsilon,0.1,0.5,0.01,260000.0
23,True,0,282,3.780293875024654,10,10,0,10,2,,8,epsilon,0.1,0.5,0.01,260000.0
24,True,0,266,3.169338042032905,10,10,0,10,2,,9,epsilon,0.1,0.5,0.01,260000.0
0,True,0,250,3.320626458968036,10,10,0,10,1,,10,epsilon,0.1,0.5,0.01,520000.0
1,True,0,261,2.9744277499848977,10,10,0,10,2,,9,epsilon,0.1,0.5,0.01,520000.0
2,True,0,274,3.099514542031102,10,10,0,10,3,,8,epsilon,0.1,0.5,0.01,520000.0
3,True,0,261,3.0821289169834927,10,10,0,10,2,,9,epsilon,0.1,0.5,0.01,520000.0
4,True,0,275,2.9410680410219356,10,10,0,10,3,,8,epsilon,0.1,0.5,0.01,520000.0
5,True,0,273,2.874624209012836,10,10,0,10,3,,8,epsilon,0.1,0.5,0.01,520000.0
6,True,0,266,2.932454332942143,10,10,0,10,2,,9,epsilon,0.1,0.5,0.01,520000.0
7,True,0,308,3.400305499904789,10,10,0,10,5,,5,epsilon,0.1,0.5,0.01,520000.0
8,True,0,267,3.009896000032313,10,10,0,10,3,,8,epsilon,0.1,0.5,0.01,520000.0
9,True,0,259,2.76305945799686,10,10,0,10,2,,9,epsilon,0.1,0.5,0.01,520000.0
10,True,0,250,2.93887829198502,10,10,0,10,1,,10,epsilon,0.1,0.5,0.01,520000.0
11,True,0,250,2.954095499939285,10,10,0,10,1,,10,epsilon,0.1,0.5,0.01,520000.0
12,True,0,259,4.463045749929734,10,10,0,10,2,,9,epsilon,0.1,0.5,0.01,520000.0
13,True,0,250,3.183629750041291,10,10,0,10,1,,10,epsilon,0.1,0.5,0.01,520000.0
14,True,0,250,2.9195320829749107,10,10,0,10,1,,10,epsilon,0.1,0.5,0.01,520000.0
15,True,0,277,3.0142903339583427,10,10,0,10,3,,8,epsilon,0.1,0.5,0.01,520000.0
16,True,0,250,3.0824339169776067,10,10,0,10,1,,10,epsilon,0.1,0.5,0.01,520000.0
17,True,0,266,3.1961926250951365,10,10,0,10,2,,9,epsilon,0.1,0.5,0.01,520000.0
18,True,0,250,3.0302562499418855,10,10,0,10,1,,10,epsilon,0.1,0.5,0.01,520000.0
19,True,0,250,2.8182508749887347,10,10,0,10,1,,10,epsilon,0.1,0.5,0.01,520000.0
20,True,0,250,2.915105542051606,10,10,0,10,1,,10,epsilon,0.1,0.5,0.01,520000.0
21,True,0,250,2.8652483749901876,10,10,0,10,1,,10,epsilon,0.1,0.5,0.01,520000.0
22,True,0,257,2.9034869170282036,10,10,0,10,2,,9,epsilon,0.1,0.5,0.01,520000.0
23,True,0,282,3.3298376250313595,10,10,0,10,2,,8,epsilon,0.1,0.5,0.01,520000.0
24,True,0,266,2.9162640830036253,10,10,0,10,2,,9,epsilon,0.1,0.5,0.01,520000.0
0,True,0,250,2.9359197090379894,10,10,0,10,1,,10,epsilon,0.1,0.5,0.01,780000.0
1,True,0,261,3.0042442919220775,10,10,0,10,2,,9,epsilon,0.1,0.5,0.01,780000.0
2,True,0,274,2.940617833053693,10,10,0,10,3,,8,epsilon,0.1,0.5,0.01,780000.0
3,True,0,261,3.2529048329452053,10,10,0,10,2,,9,epsilon,0.1,0.5,0.01,780000.0
4,True,0,275,3.1946706250309944,10,10,0,10,3,,8,epsilon,0.1,0.5,0.01,780000.0
5,True,0,273,2.991898583015427,10,10,0,10,3,,8,epsilon,0.1,0.5,0.01,780000.0
6,True,0,266,2.9517220839625224,10,10,0,10,2,,9,epsilon,0.1,0.5,0.01,780000.0
7,True,0,308,3.358506749966182,10,10,0,10,5,,5,epsilon,0.1,0.5,0.01,780000.0
8,True,0,267,2.9500087089836597,10,10,0,10,3,,8,epsilon,0.1,0.5,0.01,780000.0
9,True,0,259,3.111240333993919,10,10,0,10,2,,9,epsilon,0.1,0.5,0.01,780000.0
10,True,0,250,2.8870300831040367,10,10,0,10,1,,10,epsilon,0.1,0.5,0.01,780000.0
11,True,0,250,3.0179592500207946,10,10,0,10,1,,10,epsilon,0.1,0.5,0.01,780000.0
12,True,0,259,3.8398020419990644,10,10,0,10,2,,9,epsilon,0.1,0.5,0.01,780000.0
13,True,0,250,3.611367749981582,10,10,0,10,1,,10,epsilon,0.1,0.5,0.01,780000.0
14,True,0,250,3.22241516597569,10,10,0,10,1,,10,epsilon,0.1,0.5,0.01,780000.0
15,True,0,277,2.937747208052315,10,10,0,10,3,,8,epsilon,0.1,0.5,0.01,780000.0
16,True,0,250,3.063762624980882,10,10,0,10,1,,10,epsilon,0.1,0.5,0.01,780000.0
17,True,0,266,3.5486623329343274,10,10,0,10,2,,9,epsilon,0.1,0.5,0.01,780000.0
18,True,0,250,3.1697734580375254,10,10,0,10,1,,10,epsilon,0.1,0.5,0.01,780000.0
19,True,0,250,3.3068560839165,10,10,0,10,1,,10,epsilon,0.1,0.5,0.01,780000.0
20,True,0,250,3.512542166048661,10,10,0,10,1,,10,epsilon,0.1,0.5,0.01,780000.0
21,True,0,250,3.7547737499698997,10,10,0,10,1,,10,epsilon,0.1,0.5,0.01,780000.0
22,True,0,257,3.2589911670656875,10,10,0,10,2,,9,epsilon,0.1,0.5,0.01,780000.0
23,True,0,282,3.201381125021726,10,10,0,10,2,,8,epsilon,0.1,0.5,0.01,780000.0
24,True,0,266,3.5633602080633864,10,10,0,10,2,,9,epsilon,0.1,0.5,0.01,780000.0
